freq_cm,ir_intensity
1.747612256292408347e+04,1.435436798274065430e-02
